UF;ANO;Mês;1º Decêndio;2º Decêndio;3º Decêndio;Item transferência;Transferência;
AC;2020;01;1254445.63;0;0;CIDE/Combustível;CIDE-Combustíveis;
AC;2020;01;0;0;0;ICMS/LC 87/96 - Lei Kandir;LC 87/96 (Lei Kandir);
AC;2020;01;0;0;0;IOF Ouro;IOF-Ouro;
AC;2020;01;91799604.24;39888135.42;0;FPE;FPE;
AC;2020;01;0;0;0;FPE;FUNDEF;
AC;2020;01;0;0;0;ICMS;FUNDEF;
AC;2020;01;0;0;0;FPM;FUNDEF;
AC;2020;01;0;0;0;IPI-EXP;FUNDEF;
AC;2020;01;0;0;0;COUN;FUNDEF;
AC;2020;01;0;0;0;LC 87;FUNDEF;
AC;2020;01;25996.59;13476.01;0;IPI-EXP;IPI-Exp;
AC;2020;01;2259288.97;981690.75;0;FPM;FUNDEB;
AC;2020;01;3895.41;2019.3;0;IPI-EXP;FUNDEB;
AC;2020;01;0;0;0;COUN;FUNDEB;
AC;2020;01;0;0;0;LC 87;FUNDEB;
AC;2020;01;1667.33;0;0;ITR;FUNDEB;
AC;2020;01;153727.2;194203.11;0;IPVA;FUNDEB;
AC;2020;01;3806.16;6401.47;0;ITCMD;FUNDEB;
AC;2020;01;543704.85;6007491.34;0;ICMS;FUNDEB;
AC;2020;01;13755608.52;5976992.82;0;FPE;FUNDEB;
AC;2020;01;0;1885.96;0;CFM;Royalties;
AL;2020;01;2141474.89;0;0;CIDE/Combustível;CIDE-Combustíveis;
AL;2020;01;0;0;0;ICMS/LC 87/96 - Lei Kandir;LC 87/96 (Lei Kandir);
AL;2020;01;0;0;0;IOF Ouro;IOF-Ouro;
AL;2020;01;111632719.56;48505884.86;0;FPE;FPE;
AL;2020;01;0;0;0;FPE;FUNDEF;
AL;2020;01;0;0;0;ICMS;FUNDEF;
AL;2020;01;0;0;0;FPM;FUNDEF;
AL;2020;01;0;0;0;IPI-EXP;FUNDEF;
AL;2020;01;0;0;0;COUN;FUNDEF;
AL;2020;01;0;0;0;LC 87;FUNDEF;
AL;2020;01;304508.31;157849.84;0;IPI-EXP;IPI-Exp;
AL;2020;01;4046925.01;1758441.98;0;FPM;FUNDEB;
AL;2020;01;19319.56;10014.76;0;IPI-EXP;FUNDEB;
AL;2020;01;0;0;0;COUN;FUNDEB;
AL;2020;01;0;0;0;LC 87;FUNDEB;
AL;2020;01;8824.03;0;0;ITR;FUNDEB;
AL;2020;01;126094.07;278223.56;0;IPVA;FUNDEB;
AL;2020;01;57314.42;27659.98;0;ITCMD;FUNDEB;
AL;2020;01;3426324.75;12985664.1;0;ICMS;FUNDEB;
AL;2020;01;7082553.87;3077462.82;0;FPE;FUNDEB;
AL;2020;01;0;34885.98;0;CFM;Royalties;
AM;2020;01;2333314.77;0;0;CIDE/Combustível;CIDE-Combustíveis;
AM;2020;01;0;0;0;ICMS/LC 87/96 - Lei Kandir;LC 87/96 (Lei Kandir);
AM;2020;01;31.82;0;0;IOF Ouro;IOF-Ouro;
AM;2020;01;74877993.47;32535472.98;0;FPE;FPE;
AM;2020;01;0;0;0;FPE;FUNDEF;
AM;2020;01;0;0;0;ICMS;FUNDEF;
AM;2020;01;0;0;0;FPM;FUNDEF;
AM;2020;01;0;0;0;IPI-EXP;FUNDEF;
AM;2020;01;0;0;0;COUN;FUNDEF;
AM;2020;01;0;0;0;LC 87;FUNDEF;
AM;2020;01;786635.28;407772.96;0;IPI-EXP;IPI-Exp;
AM;2020;01;4928096.64;2141322.67;0;FPM;FUNDEB;
AM;2020;01;85329.5;44232.78;0;IPI-EXP;FUNDEB;
AM;2020;01;0;0;0;COUN;FUNDEB;
AM;2020;01;0;0;0;LC 87;FUNDEB;
AM;2020;01;5596.69;0;0;ITR;FUNDEB;
AM;2020;01;430846.71;666583.26;0;IPVA;FUNDEB;
AM;2020;01;9085.33;18819.47;0;ITCMD;FUNDEB;
AM;2020;01;3353613.97;10394362.1;0;ICMS;FUNDEB;
AM;2020;01;8122317.34;3529253.7;0;FPE;FUNDEB;
AM;2020;01;0;127831.31;0;CFM;Royalties;
AP;2020;01;928546.99;0;0;CIDE/Combustível;CIDE-Combustíveis;
AP;2020;01;0;0;0;ICMS/LC 87/96 - Lei Kandir;LC 87/96 (Lei Kandir);
AP;2020;01;6745.27;0;0;IOF Ouro;IOF-Ouro;
AP;2020;01;91558096.95;39783197.31;0;FPE;FPE;
AP;2020;01;0;0;0;FPE;FUNDEF;
AP;2020;01;0;0;0;ICMS;FUNDEF;
AP;2020;01;0;0;0;FPM;FUNDEF;
AP;2020;01;0;0;0;IPI-EXP;FUNDEF;
AP;2020;01;0;0;0;COUN;FUNDEF;
AP;2020;01;0;0;0;LC 87;FUNDEF;
AP;2020;01;226718.51;117525.48;0;IPI-EXP;IPI-Exp;
AP;2020;01;1697863.02;737743.79;0;FPM;FUNDEB;
AP;2020;01;34655.33;17964.51;0;IPI-EXP;FUNDEB;
AP;2020;01;0;0;0;COUN;FUNDEB;
AP;2020;01;0;0;0;LC 87;FUNDEB;
AP;2020;01;600.27;0;0;ITR;FUNDEB;
AP;2020;01;63675.31;47527.85;0;IPVA;FUNDEB;
AP;2020;01;19716.31;1518.52;0;ITCMD;FUNDEB;
AP;2020;01;0;2963818.39;0;ICMS;FUNDEB;
AP;2020;01;13995223.09;6081108.51;0;FPE;FUNDEB;
AP;2020;01;0;200176.88;0;CFM;Royalties;
BA;2020;01;9938697.4;0;0;CIDE/Combustível;CIDE-Combustíveis;
BA;2020;01;0;0;0;ICMS/LC 87/96 - Lei Kandir;LC 87/96 (Lei Kandir);
BA;2020;01;0;0;0;IOF Ouro;IOF-Ouro;
BA;2020;01;252138977.33;109557701.83;0;FPE;FPE;
BA;2020;01;0;0;0;FPE;FUNDEF;
BA;2020;01;0;0;0;ICMS;FUNDEF;
BA;2020;01;0;0;0;FPM;FUNDEF;
BA;2020;01;0;0;0;IPI-EXP;FUNDEF;
BA;2020;01;0;0;0;COUN;FUNDEF;
BA;2020;01;0;0;0;LC 87;FUNDEF;
BA;2020;01;7393310.91;3832516.06;0;IPI-EXP;IPI-Exp;
BA;2020;01;17418306.39;7568482.71;0;FPM;FUNDEB;
BA;2020;01;499391.56;258872.54;0;IPI-EXP;FUNDEB;
BA;2020;01;0;0;0;COUN;FUNDEB;
BA;2020;01;0;0;0;LC 87;FUNDEB;
BA;2020;01;117748.22;0;0;ITR;FUNDEB;
BA;2020;01;1054410.8;1377025.88;0;IPVA;FUNDEB;
BA;2020;01;2834489;63620.75;0;ITCMD;FUNDEB;
BA;2020;01;2089964.79;41147258.62;0;ICMS;FUNDEB;
BA;2020;01;17031079.49;7400228.11;0;FPE;FUNDEB;
BA;2020;01;0;1007307.43;0;CFM;Royalties;
CE;2020;01;5806545.96;0;0;CIDE/Combustível;CIDE-Combustíveis;
CE;2020;01;0;0;0;ICMS/LC 87/96 - Lei Kandir;LC 87/96 (Lei Kandir);
CE;2020;01;0;0;0;IOF Ouro;IOF-Ouro;
CE;2020;01;196879426.01;85546700;0;FPE;FPE;
CE;2020;01;0;0;0;FPE;FUNDEF;
CE;2020;01;0;0;0;ICMS;FUNDEF;
CE;2020;01;0;0;0;FPM;FUNDEF;
CE;2020;01;0;0;0;IPI-EXP;FUNDEF;
CE;2020;01;0;0;0;COUN;FUNDEF;
CE;2020;01;0;0;0;LC 87;FUNDEF;
CE;2020;01;1775421.76;920336.31;0;IPI-EXP;IPI-Exp;
CE;2020;01;7980400.45;3467588.83;0;FPM;FUNDEB;
CE;2020;01;101498.5;52614.35;0;IPI-EXP;FUNDEB;
CE;2020;01;0;0;0;COUN;FUNDEB;
CE;2020;01;0;0;0;LC 87;FUNDEB;
CE;2020;01;2299.17;0;0;ITR;FUNDEB;
CE;2020;01;1984715.03;2397456.32;0;IPVA;FUNDEB;
CE;2020;01;0;0;0;ITCMD;FUNDEB;
CE;2020;01;11346026.03;13588095.75;0;ICMS;FUNDEB;
CE;2020;01;11255332.89;4890590.16;0;FPE;FUNDEB;
CE;2020;01;0;117157.53;0;CFM;Royalties;
DF;2020;01;2947739.69;0;0;CIDE/Combustível;CIDE-Combustíveis;
DF;2020;01;0;0;0;ICMS/LC 87/96 - Lei Kandir;LC 87/96 (Lei Kandir);
DF;2020;01;0;0;0;IOF Ouro;IOF-Ouro;
DF;2020;01;18520925.71;8047585.81;0;FPE;FPE;
DF;2020;01;0;0;0;FPE;FUNDEF;
DF;2020;01;0;0;0;ICMS;FUNDEF;
DF;2020;01;0;0;0;FPM;FUNDEF;
DF;2020;01;0;0;0;IPI-EXP;FUNDEF;
DF;2020;01;0;0;0;COUN;FUNDEF;
DF;2020;01;0;0;0;LC 87;FUNDEF;
DF;2020;01;136282.54;70645.61;0;IPI-EXP;IPI-Exp;
DF;2020;01;1207838.4;524821.67;0;FPM;FUNDEB;
DF;2020;01;34070.62;17661.4;0;IPI-EXP;FUNDEB;
DF;2020;01;0;0;0;COUN;FUNDEB;
DF;2020;01;0;0;0;LC 87;FUNDEB;
DF;2020;01;4443.58;0;0;ITR;FUNDEB;
DF;2020;01;6000000;0;0;IPVA;FUNDEB;
DF;2020;01;1000000;0;0;ITCMD;FUNDEB;
DF;2020;01;53000000;0;0;ICMS;FUNDEB;
DF;2020;01;4630231.42;2011896.44;0;FPE;FUNDEB;
DF;2020;01;0;23024.24;0;CFM;Royalties;
DF;2020;01;0;603.6;0;ITA;Royalties;
ES;2020;01;3341094.61;0;0;CIDE/Combustível;CIDE-Combustíveis;
ES;2020;01;0;0;0;ICMS/LC 87/96 - Lei Kandir;LC 87/96 (Lei Kandir);
ES;2020;01;0;0;0;IOF Ouro;IOF-Ouro;
ES;2020;01;40251214.97;17489682.28;0;FPE;FPE;
ES;2020;01;0;0;0;FPE;FUNDEF;
ES;2020;01;0;0;0;ICMS;FUNDEF;
ES;2020;01;0;0;0;FPM;FUNDEF;
ES;2020;01;0;0;0;IPI-EXP;FUNDEF;
ES;2020;01;0;0;0;COUN;FUNDEF;
ES;2020;01;0;0;0;LC 87;FUNDEF;
ES;2020;01;6868510.67;3560472.13;0;IPI-EXP;IPI-Exp;
ES;2020;01;4141015.3;1799325.47;0;FPM;FUNDEB;
ES;2020;01;551145.86;285700.91;0;IPI-EXP;FUNDEB;
ES;2020;01;0;0;0;COUN;FUNDEB;
ES;2020;01;0;0;0;LC 87;FUNDEB;
ES;2020;01;6104.02;0;0;ITR;FUNDEB;
ES;2020;01;138492.39;420197.81;0;IPVA;FUNDEB;
ES;2020;01;51873.13;45515.14;0;ITCMD;FUNDEB;
ES;2020;01;572080.25;11475855.59;0;ICMS;FUNDEB;
ES;2020;01;3229854.62;1403414.27;0;FPE;FUNDEB;
ES;2020;01;0;20331616.81;0;PEA;Royalties;
ES;2020;01;0;100685.98;0;CFM;Royalties;
GO;2020;01;8027874.43;0;0;CIDE/Combustível;CIDE-Combustíveis;
GO;2020;01;0;0;0;ICMS/LC 87/96 - Lei Kandir;LC 87/96 (Lei Kandir);
GO;2020;01;0;0;0;IOF Ouro;IOF-Ouro;
GO;2020;01;76292152.83;33149943.81;0;FPE;FPE;
GO;2020;01;0;0;0;FPE;FUNDEF;
GO;2020;01;0;0;0;ICMS;FUNDEF;
GO;2020;01;0;0;0;FPM;FUNDEF;
GO;2020;01;0;0;0;IPI-EXP;FUNDEF;
GO;2020;01;0;0;0;COUN;FUNDEF;
GO;2020;01;0;0;0;LC 87;FUNDEF;
GO;2020;01;3629248.83;1881316.05;0;IPI-EXP;IPI-Exp;
GO;2020;01;11275349.36;4899287.2;0;FPM;FUNDEB;
GO;2020;01;391843.48;203122.28;0;IPI-EXP;FUNDEB;
GO;2020;01;0;0;0;COUN;FUNDEB;
GO;2020;01;0;0;0;LC 87;FUNDEB;
GO;2020;01;927454.69;0;0;ITR;FUNDEB;
GO;2020;01;1871409.24;1465150.28;0;IPVA;FUNDEB;
GO;2020;01;832796.54;398005.99;0;ITCMD;FUNDEB;
GO;2020;01;22836038.78;79291159.19;0;ICMS;FUNDEB;
GO;2020;01;8237126.91;3579139.89;0;FPE;FUNDEB;
GO;2020;01;0;1266927.21;0;CFM;Royalties;
GO;2020;01;0;245689.86;0;ITA;Royalties;
MA;2020;01;4647128.64;0;0;CIDE/Combustível;CIDE-Combustíveis;
MA;2020;01;0;0;0;ICMS/LC 87/96 - Lei Kandir;LC 87/96 (Lei Kandir);
MA;2020;01;0;0;0;IOF Ouro;IOF-Ouro;
MA;2020;01;193694213.21;84162683.14;0;FPE;FPE;
MA;2020;01;0;0;0;FPE;FUNDEF;
MA;2020;01;0;0;0;ICMS;FUNDEF;
MA;2020;01;0;0;0;FPM;FUNDEF;
MA;2020;01;0;0;0;IPI-EXP;FUNDEF;
MA;2020;01;0;0;0;COUN;FUNDEF;
MA;2020;01;0;0;0;LC 87;FUNDEF;
MA;2020;01;2492689.92;1292151.02;0;IPI-EXP;IPI-Exp;
MA;2020;01;5711094.85;2481545.63;0;FPM;FUNDEB;
MA;2020;01;120690.75;62563.26;0;IPI-EXP;FUNDEB;
MA;2020;01;0;0;0;COUN;FUNDEB;
MA;2020;01;0;0;0;LC 87;FUNDEB;
MA;2020;01;6301.88;0;0;ITR;FUNDEB;
MA;2020;01;95571.77;288225.1;0;IPVA;FUNDEB;
MA;2020;01;15517.18;5424.08;0;ITCMD;FUNDEB;
MA;2020;01;850903.61;815528.37;0;ICMS;FUNDEB;
MA;2020;01;9378266.18;4074980.06;0;FPE;FUNDEB;
MA;2020;01;0;238696.38;0;CFM;Royalties;
MG;2020;01;16972702.89;0;0;CIDE/Combustível;CIDE-Combustíveis;
MG;2020;01;0;0;0;ICMS/LC 87/96 - Lei Kandir;LC 87/96 (Lei Kandir);
MG;2020;01;0;0;0;IOF Ouro;IOF-Ouro;
MG;2020;01;119532691.34;51938526.52;0;FPE;FPE;
MG;2020;01;0;0;0;FPE;FUNDEF;
MG;2020;01;0;0;0;ICMS;FUNDEF;
MG;2020;01;0;0;0;FPM;FUNDEF;
MG;2020;01;0;0;0;IPI-EXP;FUNDEF;
MG;2020;01;0;0;0;COUN;FUNDEF;
MG;2020;01;0;0;0;LC 87;FUNDEF;
MG;2020;01;18045352.83;9354280.55;0;IPI-EXP;IPI-Exp;
MG;2020;01;46469043.39;20191410.9;0;FPM;FUNDEB;
MG;2020;01;2274757;1179179.74;0;IPI-EXP;FUNDEB;
MG;2020;01;0;0;0;COUN;FUNDEB;
MG;2020;01;0;0;0;LC 87;FUNDEB;
MG;2020;01;473913.03;0;0;ITR;FUNDEB;
MG;2020;01;45389632.59;121913281.05;0;IPVA;FUNDEB;
MG;2020;01;1818813.51;1425299.52;0;ITCMD;FUNDEB;
MG;2020;01;23019669.97;255759106.56;0;ICMS;FUNDEB;
MG;2020;01;15068025.34;6547255.19;0;FPE;FUNDEB;
MG;2020;01;0;21634467.96;0;CFM;Royalties;
MG;2020;01;0;625458.89;0;ITA;Royalties;
MS;2020;01;4008860.19;0;0;CIDE/Combustível;CIDE-Combustíveis;
MS;2020;01;0;0;0;ICMS/LC 87/96 - Lei Kandir;LC 87/96 (Lei Kandir);
MS;2020;01;0;0;0;IOF Ouro;IOF-Ouro;
MS;2020;01;35743079.07;15530838.09;0;FPE;FPE;
MS;2020;01;0;0;0;FPE;FUNDEF;
MS;2020;01;0;0;0;ICMS;FUNDEF;
MS;2020;01;0;0;0;FPM;FUNDEF;
MS;2020;01;0;0;0;IPI-EXP;FUNDEF;
MS;2020;01;0;0;0;COUN;FUNDEF;
MS;2020;01;0;0;0;LC 87;FUNDEF;
MS;2020;01;3177571.47;1647177.3;0;IPI-EXP;IPI-Exp;
MS;2020;01;4096494.12;1779980.4;0;FPM;FUNDEB;
MS;2020;01;315789.55;163697.78;0;IPI-EXP;FUNDEB;
MS;2020;01;0;0;0;COUN;FUNDEB;
MS;2020;01;0;0;0;LC 87;FUNDEB;
MS;2020;01;1854562.44;0;0;ITR;FUNDEB;
MS;2020;01;829466.65;6081755.99;0;IPVA;FUNDEB;
MS;2020;01;186232.55;893732.65;0;ITCMD;FUNDEB;
MS;2020;01;9179495.23;27413555.5;0;ICMS;FUNDEB;
MS;2020;01;3552175.14;1543466.9;0;FPE;FUNDEB;
MS;2020;01;0;318071.2;0;CFM;Royalties;
MS;2020;01;0;127376.97;0;ITA;Royalties;
MT;2020;01;5158519.28;0;0;CIDE/Combustível;CIDE-Combustíveis;
MT;2020;01;0;0;0;ICMS/LC 87/96 - Lei Kandir;LC 87/96 (Lei Kandir);
MT;2020;01;122524.7;60464.89;0;IOF Ouro;IOF-Ouro;
MT;2020;01;61930519.33;26909625.18;0;FPE;FPE;
MT;2020;01;0;0;0;FPE;FUNDEF;
MT;2020;01;0;0;0;ICMS;FUNDEF;
MT;2020;01;0;0;0;FPM;FUNDEF;
MT;2020;01;0;0;0;IPI-EXP;FUNDEF;
MT;2020;01;0;0;0;COUN;FUNDEF;
MT;2020;01;0;0;0;LC 87;FUNDEF;
MT;2020;01;2456450.15;1273365.18;0;IPI-EXP;IPI-Exp;
MT;2020;01;6494454.95;2821925.62;0;FPM;FUNDEB;
MT;2020;01;312269.34;161872.97;0;IPI-EXP;FUNDEB;
MT;2020;01;0;0;0;COUN;FUNDEB;
MT;2020;01;0;0;0;LC 87;FUNDEB;
MT;2020;01;1252262.29;0;0;ITR;FUNDEB;
MT;2020;01;1185537.53;2268959.57;0;IPVA;FUNDEB;
MT;2020;01;185790.99;23076.95;0;ITCMD;FUNDEB;
MT;2020;01;17477970.37;48236920.61;0;ICMS;FUNDEB;
MT;2020;01;7872743.57;3420810.62;0;FPE;FUNDEB;
MT;2020;01;0;696340.19;0;CFM;Royalties;
PA;2020;01;5058133.34;0;0;CIDE/Combustível;CIDE-Combustíveis;
PA;2020;01;0;0;0;ICMS/LC 87/96 - Lei Kandir;LC 87/96 (Lei Kandir);
PA;2020;01;144486.75;75719.8;0;IOF Ouro;IOF-Ouro;
PA;2020;01;164010283.87;71264625.44;0;FPE;FPE;
PA;2020;01;0;0;0;FPE;FUNDEF;
PA;2020;01;0;0;0;ICMS;FUNDEF;
PA;2020;01;0;0;0;FPM;FUNDEF;
PA;2020;01;0;0;0;IPI-EXP;FUNDEF;
PA;2020;01;0;0;0;COUN;FUNDEF;
PA;2020;01;0;0;0;LC 87;FUNDEF;
PA;2020;01;10800946.3;5598952.97;0;IPI-EXP;IPI-Exp;
PA;2020;01;7011824.6;3046729.69;0;FPM;FUNDEB;
PA;2020;01;768106.98;398168.35;0;IPI-EXP;FUNDEB;
PA;2020;01;0;0;0;COUN;FUNDEB;
PA;2020;01;0;0;0;LC 87;FUNDEB;
PA;2020;01;49327.78;0;0;ITR;FUNDEB;
PA;2020;01;285270.68;263649.81;0;IPVA;FUNDEB;
PA;2020;01;57804.53;65042.7;0;ITCMD;FUNDEB;
PA;2020;01;5435631.36;3028108.46;0;ICMS;FUNDEB;
PA;2020;01;11663555.77;5067968.4;0;FPE;FUNDEB;
PA;2020;01;0;27878675.91;0;CFM;Royalties;
PB;2020;01;3088306.36;0;0;CIDE/Combustível;CIDE-Combustíveis;
PB;2020;01;0;0;0;ICMS/LC 87/96 - Lei Kandir;LC 87/96 (Lei Kandir);
PB;2020;01;0;0;0;IOF Ouro;IOF-Ouro;
PB;2020;01;128506028.87;55837559.68;0;FPE;FPE;
PB;2020;01;0;0;0;FPE;FUNDEF;
PB;2020;01;0;0;0;ICMS;FUNDEF;
PB;2020;01;0;0;0;FPM;FUNDEF;
PB;2020;01;0;0;0;IPI-EXP;FUNDEF;
PB;2020;01;0;0;0;COUN;FUNDEF;
PB;2020;01;0;0;0;LC 87;FUNDEF;
PB;2020;01;124267.52;64417.33;0;IPI-EXP;IPI-Exp;
PB;2020;01;7153117.29;3108122.84;0;FPM;FUNDEB;
PB;2020;01;10077.91;5224.17;0;IPI-EXP;FUNDEB;
PB;2020;01;0;0;0;COUN;FUNDEB;
PB;2020;01;0;0;0;LC 87;FUNDEB;
PB;2020;01;3749.58;0;0;ITR;FUNDEB;
PB;2020;01;205282.47;625944.58;0;IPVA;FUNDEB;
PB;2020;01;16346.02;64839.42;0;ITCMD;FUNDEB;
PB;2020;01;1385842.57;1558632.17;0;ICMS;FUNDEB;
PB;2020;01;10421621.4;4528331.63;0;FPE;FUNDEB;
PB;2020;01;0;90387.43;0;CFM;Royalties;
PE;2020;01;5511714.08;0;0;CIDE/Combustível;CIDE-Combustíveis;
PE;2020;01;0;0;0;ICMS/LC 87/96 - Lei Kandir;LC 87/96 (Lei Kandir);
PE;2020;01;0;0;0;IOF Ouro;IOF-Ouro;
PE;2020;01;185160955.63;80454870.5;0;FPE;FPE;
PE;2020;01;0;0;0;FPE;FUNDEF;
PE;2020;01;0;0;0;ICMS;FUNDEF;
PE;2020;01;0;0;0;FPM;FUNDEF;
PE;2020;01;0;0;0;IPI-EXP;FUNDEF;
PE;2020;01;0;0;0;COUN;FUNDEF;
PE;2020;01;0;0;0;LC 87;FUNDEF;
PE;2020;01;1726226.3;894834.55;0;IPI-EXP;IPI-Exp;
PE;2020;01;11385652.17;4947215.38;0;FPM;FUNDEB;
PE;2020;01;144842.26;75082.74;0;IPI-EXP;FUNDEB;
PE;2020;01;0;0;0;COUN;FUNDEB;
PE;2020;01;0;0;0;LC 87;FUNDEB;
PE;2020;01;10812.15;0;0;ITR;FUNDEB;
PE;2020;01;279604.26;5099347.27;0;IPVA;FUNDEB;
PE;2020;01;0;2255964;0;ITCMD;FUNDEB;
PE;2020;01;56747975.36;29597249.34;0;ICMS;FUNDEB;
PE;2020;01;15536270.32;6750713.75;0;FPE;FUNDEB;
PE;2020;01;0;73448.42;0;CFM;Royalties;
PI;2020;01;3962971.12;0;0;CIDE/Combustível;CIDE-Combustíveis;
PI;2020;01;0;0;0;ICMS/LC 87/96 - Lei Kandir;LC 87/96 (Lei Kandir);
PI;2020;01;3616.98;0;0;IOF Ouro;IOF-Ouro;
PI;2020;01;115961066.88;50386608.69;0;FPE;FPE;
PI;2020;01;0;0;0;FPE;FUNDEF;
PI;2020;01;0;0;0;ICMS;FUNDEF;
PI;2020;01;0;0;0;FPM;FUNDEF;
PI;2020;01;0;0;0;IPI-EXP;FUNDEF;
PI;2020;01;0;0;0;COUN;FUNDEF;
PI;2020;01;0;0;0;LC 87;FUNDEF;
PI;2020;01;33854.16;17549.19;0;IPI-EXP;IPI-Exp;
PI;2020;01;5464993.09;2374610.93;0;FPM;FUNDEB;
PI;2020;01;2477.95;1284.52;0;IPI-EXP;FUNDEB;
PI;2020;01;0;0;0;COUN;FUNDEB;
PI;2020;01;0;0;0;LC 87;FUNDEB;
PI;2020;01;17899.65;0;0;ITR;FUNDEB;
PI;2020;01;394634.75;923777.79;0;IPVA;FUNDEB;
PI;2020;01;28265.68;13123.2;0;ITCMD;FUNDEB;
PI;2020;01;1916871.82;8626435.38;0;ICMS;FUNDEB;
PI;2020;01;8487619.43;3687982.23;0;FPE;FUNDEB;
PI;2020;01;0;25207.03;0;CFM;Royalties;
PR;2020;01;9993157.47;0;0;CIDE/Combustível;CIDE-Combustíveis;
PR;2020;01;0;0;0;ICMS/LC 87/96 - Lei Kandir;LC 87/96 (Lei Kandir);
PR;2020;01;0;0;0;IOF Ouro;IOF-Ouro;
PR;2020;01;77368201.99;33617501.33;0;FPE;FPE;
PR;2020;01;0;0;0;FPE;FUNDEF;
PR;2020;01;0;0;0;ICMS;FUNDEF;
PR;2020;01;0;0;0;FPM;FUNDEF;
PR;2020;01;0;0;0;IPI-EXP;FUNDEF;
PR;2020;01;0;0;0;COUN;FUNDEF;
PR;2020;01;0;0;0;LC 87;FUNDEF;
PR;2020;01;16185878.19;8390373.25;0;IPI-EXP;IPI-Exp;
PR;2020;01;23170751.26;10067995.01;0;FPM;FUNDEB;
PR;2020;01;1972367.95;1022428.54;0;IPI-EXP;FUNDEB;
PR;2020;01;0;0;0;COUN;FUNDEB;
PR;2020;01;0;0;0;LC 87;FUNDEB;
PR;2020;01;498275.59;0;0;ITR;FUNDEB;
PR;2020;01;10052205.95;16317490.77;0;IPVA;FUNDEB;
PR;2020;01;779904.14;508699.98;0;ITCMD;FUNDEB;
PR;2020;01;19271934.13;119682511.16;0;ICMS;FUNDEB;
PR;2020;01;9427882.86;4096539.09;0;FPE;FUNDEB;
PR;2020;01;0;276144.65;0;CFM;Royalties;
PR;2020;01;0;7080612.6;0;ITA;Royalties;
RJ;2020;01;7278048.65;0;0;CIDE/Combustível;CIDE-Combustíveis;
RJ;2020;01;0;0;0;ICMS/LC 87/96 - Lei Kandir;LC 87/96 (Lei Kandir);
RJ;2020;01;0;0;0;IOF Ouro;IOF-Ouro;
RJ;2020;01;40994520.73;17812658.42;0;FPE;FPE;
RJ;2020;01;0;0;0;FPE;FUNDEF;
RJ;2020;01;0;0;0;ICMS;FUNDEF;
RJ;2020;01;0;0;0;FPM;FUNDEF;
RJ;2020;01;0;0;0;IPI-EXP;FUNDEF;
RJ;2020;01;0;0;0;COUN;FUNDEF;
RJ;2020;01;0;0;0;LC 87;FUNDEF;
RJ;2020;01;34775710.83;18026899.15;0;IPI-EXP;IPI-Exp;
RJ;2020;01;6245296.27;2713663.14;0;FPM;FUNDEB;
RJ;2020;01;2547972.75;1320808.28;0;IPI-EXP;FUNDEB;
RJ;2020;01;0;0;0;COUN;FUNDEB;
RJ;2020;01;0;0;0;LC 87;FUNDEB;
RJ;2020;01;17878.78;0;0;ITR;FUNDEB;
RJ;2020;01;400629.04;15621250.39;0;IPVA;FUNDEB;
RJ;2020;01;1262943.56;971557.07;0;ITCMD;FUNDEB;
RJ;2020;01;13682194.1;147617453.97;0;ICMS;FUNDEB;
RJ;2020;01;3003617.15;1305111.19;0;FPE;FUNDEB;
RJ;2020;01;0;105706.95;0;CFM;Royalties;
RN;2020;01;2867864.6;0;0;CIDE/Combustível;CIDE-Combustíveis;
RN;2020;01;0;0;0;ICMS/LC 87/96 - Lei Kandir;LC 87/96 (Lei Kandir);
RN;2020;01;13009.51;5264.69;0;IOF Ouro;IOF-Ouro;
RN;2020;01;112110367.32;48713429.11;0;FPE;FPE;
RN;2020;01;0;0;0;FPE;FUNDEF;
RN;2020;01;0;0;0;ICMS;FUNDEF;
RN;2020;01;0;0;0;FPM;FUNDEF;
RN;2020;01;0;0;0;IPI-EXP;FUNDEF;
RN;2020;01;0;0;0;COUN;FUNDEF;
RN;2020;01;0;0;0;LC 87;FUNDEF;
RN;2020;01;204472.49;105993.67;0;IPI-EXP;IPI-Exp;
RN;2020;01;6125590.23;2661649.35;0;FPM;FUNDEB;
RN;2020;01;17999.88;9330.75;0;IPI-EXP;FUNDEB;
RN;2020;01;0;0;0;COUN;FUNDEB;
RN;2020;01;0;0;0;LC 87;FUNDEB;
RN;2020;01;4527.64;0;0;ITR;FUNDEB;
RN;2020;01;1420909.95;627307.3;0;IPVA;FUNDEB;
RN;2020;01;25647.88;22133.42;0;ITCMD;FUNDEB;
RN;2020;01;8194199.28;11460899.1;0;ICMS;FUNDEB;
RN;2020;01;9869169.35;4288283.93;0;FPE;FUNDEB;
RN;2020;01;0;25868.03;0;CFM;Royalties;
RO;2020;01;2204071.81;0;0;CIDE/Combustível;CIDE-Combustíveis;
RO;2020;01;0;0;0;ICMS/LC 87/96 - Lei Kandir;LC 87/96 (Lei Kandir);
RO;2020;01;6569.25;1187.33;0;IOF Ouro;IOF-Ouro;
RO;2020;01;75554213.9;32829299.65;0;FPE;FPE;
RO;2020;01;0;0;0;FPE;FUNDEF;
RO;2020;01;0;0;0;ICMS;FUNDEF;
RO;2020;01;0;0;0;FPM;FUNDEF;
RO;2020;01;0;0;0;IPI-EXP;FUNDEF;
RO;2020;01;0;0;0;COUN;FUNDEF;
RO;2020;01;0;0;0;LC 87;FUNDEF;
RO;2020;01;738512.64;382827.35;0;IPI-EXP;IPI-Exp;
RO;2020;01;3329801.21;1446842.31;0;FPM;FUNDEB;
RO;2020;01;98862.94;51248.16;0;IPI-EXP;FUNDEB;
RO;2020;01;0;0;0;COUN;FUNDEB;
RO;2020;01;0;0;0;LC 87;FUNDEB;
RO;2020;01;30967.51;0;0;ITR;FUNDEB;
RO;2020;01;434540.28;831799.2;0;IPVA;FUNDEB;
RO;2020;01;5824.43;12480.82;0;ITCMD;FUNDEB;
RO;2020;01;1569132.21;3616856.89;0;ICMS;FUNDEB;
RO;2020;01;10114261.25;4394779.52;0;FPE;FUNDEB;
RO;2020;01;0;136193.89;0;CFM;Royalties;
RR;2020;01;1167799.59;0;0;CIDE/Combustível;CIDE-Combustíveis;
RR;2020;01;0;0;0;ICMS/LC 87/96 - Lei Kandir;LC 87/96 (Lei Kandir);
RR;2020;01;0;0;0;IOF Ouro;IOF-Ouro;
RR;2020;01;66567459.3;28924436.58;0;FPE;FPE;
RR;2020;01;0;0;0;FPE;FUNDEF;
RR;2020;01;0;0;0;ICMS;FUNDEF;
RR;2020;01;0;0;0;FPM;FUNDEF;
RR;2020;01;0;0;0;IPI-EXP;FUNDEF;
RR;2020;01;0;0;0;COUN;FUNDEF;
RR;2020;01;0;0;0;LC 87;FUNDEF;
RR;2020;01;33233.42;17227.41;0;IPI-EXP;IPI-Exp;
RR;2020;01;1863159.51;809567.28;0;FPM;FUNDEB;
RR;2020;01;4378.02;2269.44;0;IPI-EXP;FUNDEB;
RR;2020;01;0;0;0;COUN;FUNDEB;
RR;2020;01;0;0;0;LC 87;FUNDEB;
RR;2020;01;1229.42;0;0;ITR;FUNDEB;
RR;2020;01;78529.01;120860.9;0;IPVA;FUNDEB;
RR;2020;01;35.22;11588.97;0;ITCMD;FUNDEB;
RR;2020;01;708664.81;1373801.07;0;ICMS;FUNDEB;
RR;2020;01;8769306.79;3810379.16;0;FPE;FUNDEB;
RR;2020;01;0;6796.18;0;CFM;Royalties;
RS;2020;01;8551492.44;0;0;CIDE/Combustível;CIDE-Combustíveis;
RS;2020;01;0;0;0;ICMS/LC 87/96 - Lei Kandir;LC 87/96 (Lei Kandir);
RS;2020;01;0;0;0;IOF Ouro;IOF-Ouro;
RS;2020;01;63189040.65;27456469.24;0;FPE;FPE;
RS;2020;01;0;0;0;FPE;FUNDEF;
RS;2020;01;0;0;0;ICMS;FUNDEF;
RS;2020;01;0;0;0;FPM;FUNDEF;
RS;2020;01;0;0;0;IPI-EXP;FUNDEF;
RS;2020;01;0;0;0;COUN;FUNDEF;
RS;2020;01;0;0;0;LC 87;FUNDEF;
RS;2020;01;16327439.68;8463755.35;0;IPI-EXP;IPI-Exp;
RS;2020;01;20842430.92;9056309.35;0;FPM;FUNDEB;
RS;2020;01;1797417.01;931738.08;0;IPI-EXP;FUNDEB;
RS;2020;01;0;0;0;COUN;FUNDEB;
RS;2020;01;0;0;0;LC 87;FUNDEB;
RS;2020;01;748203.56;0;0;ITR;FUNDEB;
RS;2020;01;67166719.05;5794840.45;0;IPVA;FUNDEB;
RS;2020;01;2749686.62;485656.91;0;ITCMD;FUNDEB;
RS;2020;01;38385792.25;119190356.5;0;ICMS;FUNDEB;
RS;2020;01;6956207.01;3022563.4;0;FPE;FUNDEB;
RS;2020;01;0;268042.29;0;CFM;Royalties;
SC;2020;01;5928646.73;0;0;CIDE/Combustível;CIDE-Combustíveis;
SC;2020;01;0;0;0;ICMS/LC 87/96 - Lei Kandir;LC 87/96 (Lei Kandir);
SC;2020;01;0;0;0;IOF Ouro;IOF-Ouro;
SC;2020;01;34342336.6;14922196.94;0;FPE;FPE;
SC;2020;01;0;0;0;FPE;FUNDEF;
SC;2020;01;0;0;0;ICMS;FUNDEF;
SC;2020;01;0;0;0;FPM;FUNDEF;
SC;2020;01;0;0;0;IPI-EXP;FUNDEF;
SC;2020;01;0;0;0;COUN;FUNDEF;
SC;2020;01;0;0;0;LC 87;FUNDEF;
SC;2020;01;10629898.5;5510285.87;0;IPI-EXP;IPI-Exp;
SC;2020;01;10825082.62;4703640.25;0;FPM;FUNDEB;
SC;2020;01;1050824.43;544722.39;0;IPI-EXP;FUNDEB;
SC;2020;01;0;0;0;COUN;FUNDEB;
SC;2020;01;0;0;0;LC 87;FUNDEB;
SC;2020;01;31290.42;0;0;ITR;FUNDEB;
SC;2020;01;2926975.28;3992647.01;0;IPVA;FUNDEB;
SC;2020;01;578309.78;413415.17;0;ITCMD;FUNDEB;
SC;2020;01;12469419.81;94713108.67;0;ICMS;FUNDEB;
SC;2020;01;3394930.48;1475142.02;0;FPE;FUNDEB;
SC;2020;01;0;257162.81;0;CFM;Royalties;
SE;2020;01;1905383.94;0;0;CIDE/Combustível;CIDE-Combustíveis;
SE;2020;01;0;0;0;ICMS/LC 87/96 - Lei Kandir;LC 87/96 (Lei Kandir);
SE;2020;01;0;0;0;IOF Ouro;IOF-Ouro;
SE;2020;01;111503915.68;48449917.88;0;FPE;FPE;
SE;2020;01;0;0;0;FPE;FUNDEF;
SE;2020;01;0;0;0;ICMS;FUNDEF;
SE;2020;01;0;0;0;FPM;FUNDEF;
SE;2020;01;0;0;0;IPI-EXP;FUNDEF;
SE;2020;01;0;0;0;COUN;FUNDEF;
SE;2020;01;0;0;0;LC 87;FUNDEF;
SE;2020;01;46479.49;24093.87;0;IPI-EXP;IPI-Exp;
SE;2020;01;3800155.14;1651217.19;0;FPM;FUNDEB;
SE;2020;01;4205.09;2179.8;0;IPI-EXP;FUNDEB;
SE;2020;01;0;0;0;COUN;FUNDEB;
SE;2020;01;0;0;0;LC 87;FUNDEB;
SE;2020;01;5533.8;0;0;ITR;FUNDEB;
SE;2020;01;315585.09;302740.15;0;IPVA;FUNDEB;
SE;2020;01;19578.15;7453.46;0;ITCMD;FUNDEB;
SE;2020;01;10765744.81;8823391.36;0;ICMS;FUNDEB;
SE;2020;01;10088006.4;4383371.47;0;FPE;FUNDEB;
SE;2020;01;0;196532.04;0;CFM;Royalties;
SP;2020;01;27233494.88;0;0;CIDE/Combustível;CIDE-Combustíveis;
SP;2020;01;0;0;0;ICMS/LC 87/96 - Lei Kandir;LC 87/96 (Lei Kandir);
SP;2020;01;1088.32;6136.85;0;IOF Ouro;IOF-Ouro;
SP;2020;01;26834143.3;11659788.2;0;FPE;FPE;
SP;2020;01;0;0;0;FPE;FUNDEF;
SP;2020;01;0;0;0;ICMS;FUNDEF;
SP;2020;01;0;0;0;FPM;FUNDEF;
SP;2020;01;0;0;0;IPI-EXP;FUNDEF;
SP;2020;01;0;0;0;COUN;FUNDEF;
SP;2020;01;0;0;0;LC 87;FUNDEF;
SP;2020;01;34775710.83;18026899.15;0;IPI-EXP;IPI-Exp;
SP;2020;01;42322898.25;18389855.36;0;FPM;FUNDEB;
SP;2020;01;3928148.31;2036258.4;0;IPI-EXP;FUNDEB;
SP;2020;01;0;0;0;COUN;FUNDEB;
SP;2020;01;0;0;0;LC 87;FUNDEB;
SP;2020;01;926840.85;0;0;ITR;FUNDEB;
SP;2020;01;29918957.17;198703406.98;0;IPVA;FUNDEB;
SP;2020;01;3374148.3;2312006.71;0;ITCMD;FUNDEB;
SP;2020;01;61911082.94;300352810.28;0;ICMS;FUNDEB;
SP;2020;01;3031095.27;1317050.57;0;FPE;FUNDEB;
SP;2020;01;0;749998;0;CFM;Royalties;
SP;2020;01;0;279922.76;0;ITA;Royalties;
TO;2020;01;3284120.28;0;0;CIDE/Combustível;CIDE-Combustíveis;
TO;2020;01;0;0;0;ICMS/LC 87/96 - Lei Kandir;LC 87/96 (Lei Kandir);
TO;2020;01;0;0;0;IOF Ouro;IOF-Ouro;
TO;2020;01;116460181.93;50603480.77;0;FPE;FPE;
TO;2020;01;0;0;0;FPE;FUNDEF;
TO;2020;01;0;0;0;ICMS;FUNDEF;
TO;2020;01;0;0;0;FPM;FUNDEF;
TO;2020;01;0;0;0;IPI-EXP;FUNDEF;
TO;2020;01;0;0;0;COUN;FUNDEF;
TO;2020;01;0;0;0;LC 87;FUNDEF;
TO;2020;01;157226.22;81502.32;0;IPI-EXP;IPI-Exp;
TO;2020;01;4313344.05;1874204.85;0;FPM;FUNDEB;
TO;2020;01;17422.85;9031.63;0;IPI-EXP;FUNDEB;
TO;2020;01;0;0;0;COUN;FUNDEB;
TO;2020;01;0;0;0;LC 87;FUNDEB;
TO;2020;01;89893.99;0;0;ITR;FUNDEB;
TO;2020;01;897612.74;363703.68;0;IPVA;FUNDEB;
TO;2020;01;245894.98;0;0;ITCMD;FUNDEB;
TO;2020;01;20735817.39;2595719.34;0;ICMS;FUNDEB;
TO;2020;01;12905419.36;5607574.46;0;FPE;FUNDEB;
TO;2020;01;0;69770.19;0;CFM;Royalties;
